campaign_id,department_id,family_category_id,product_id,promo_mechanic_id,section_id,sub_family_category_id,incr_sales,incr_sales_per,incr_margin,incr_traffic,incr_basket,incr_tse,ipromo_depth,total_sales,volume_sold,promo_price,slash_price,cost_price,incr_traffic_per,incr_basket_per,incr_tse_per,timestamp
5,2,3,1153208,2,2,2,-4204.4979,-0.1313,9070.9738,415.7112,-0.01025,208076.4079,0,54868.32,6140.42,,,9.225,,,,2/11/16 0:00
5,2,3,1153209,2,2,2,-12406.89585,-1.1009,3330.30635,151.1946,-0.01025,84856.9723,,17784,1985.5,,,9.225,,,,2/11/16 0:00
5,2,3,1198937,2,2,2,-9395.5038,-0.9898,2802.4353,141.1782,0,80513.6477,,16558.88,1849.65,,,9.225,,,,2/11/16 0:00
5,2,3,1235909,1,2,2,94981.77615,5.3328,38007.98435,1025.0592,-0.0205,561817.1771,0.207,140450.492,14117.95,10.5,12.75,10.25,,,,2/11/16 0:00
5,2,3,1235910,1,2,2,28809.80235,3.9289,16319.1497,408.1938,-0.01025,268876.5663,0.207,54219.1,5450.72,10.5,12.75,10.25,,,,2/11/16 0:00
5,2,6,537267,4,1,8,256257.9552,34.2592,21767.4058,1534.08,0.07175,788405.3527,0.50715,325678.652,16344.845,21,40.29,23.206,,,,2/11/16 0:00
5,2,6,1260687,2,1,8,-33872.32905,-3.636,3619.6118,151.2354,0.01025,91626.8842,,28042.56,933.185,,,32.2875,,,,2/11/16 0:00
5,2,6,273658,2,1,4,-287787.8102,-12.4028,7597.6201,349.2378,0.01025,158180.3033,,60868.08,3507.02,,,19.1675,,,,2/11/16 0:00
5,2,6,652446,1,1,4,1071834.53,65.3369,-3021.5941,4091.3934,0.07175,1456821.463,0.4968,1242290.4,124826.295,10.5,19.584,12.45375,,,,2/11/16 0:00
5,2,7,1210829,2,1,7,-959.2323,-0.2121,7975.81925,220.1058,0,165151.2712,,34673.496,1743.06,,,19.9875,,,,2/11/16 0:00
5,1,1,324389,4,3,11,4113.1032,1.8685,1954.8697,64.77,0,27367.924,0.15525,9837.256,493.24,21,23.97,18.60375,,,,2/11/16 0:00
5,1,1,324394,4,3,11,4083.04365,3.131,1940.08115,44.7678,0,23252.3942,0.15525,7764.536,388.74,21,23.97,18.60375,,,,2/11/16 0:00
5,1,1,324395,4,3,11,4329.6807,3.8279,1911.9555,44.9412,0,25282.5757,0.15525,7599.28,381.425,21,23.97,18.60375,,,,2/11/16 0:00
5,1,1,1215779,5,3,11,17624.15235,6.464,5368.30455,184.8954,-0.01025,44863.5761,0,26388.44,2650.12,10.5,,9.225,,,,2/11/16 0:00
5,1,5,903475,4,3,3,23385.73695,10.6151,5325.8065,184.3752,0,74478.064,0.40365,31205.096,1563.32,21,33.558,19.4955,,,,2/11/16 0:00
5,2,3,1135518,5,2,2,18939.05415,5.7671,4679.28195,90.984,0,17079.3982,0.23805,24190.4,2430.67,10.5,13.26,10.25,,,,4/14/16 0:00
5,2,3,1235909,1,2,2,99872.478,5.8883,31972.5,600.372,-0.01025,220762.0115,0.207,123468.8,12406.24,10.5,12.75,10.25,,,,4/14/16 0:00
5,2,3,1235910,1,2,2,36571.01535,5.3328,12664.34785,212.2008,0,101354.575,0.207,45936.8,4615.765,10.5,12.75,10.25,,,,4/14/16 0:00
5,2,6,1223772,1,1,8,37894.0476,9.8172,38197.8807,569.2518,0.0615,742760.5422,0.1863,208020.8,10451.045,21,24.99,20.5,,,,4/14/16 0:00
5,2,6,988637,1,1,4,682987.6083,64.5693,15322.1355,2097.9564,0.19475,2352379.941,0.3933,717475.2,36046.23,21,32.895,23.52375,,,,4/14/16 0:00
5,1,1,324389,4,3,11,4617.171,2.0099,2791.78795,55.794,0,38595.4184,0.15525,14081.6,707.465,21,23.97,18.60375,,,,4/14/16 0:00
5,1,1,324394,4,3,11,2076.44055,1.313,2568.2342,31.5894,0,25266.9815,0.15525,9672,485.925,21,23.97,18.60375,,,,4/14/16 0:00
5,1,1,324395,4,3,11,2103.6057,1.6968,2210.5685,26.3772,0,26612.2748,0.15525,8944,449.35,21,23.97,18.60375,,,,4/14/16 0:00
5,1,1,1215779,5,3,11,12141.83715,4.0501,4701.87585,123.7464,0,13746.9568,0.2691,24200.8,2431.715,10.5,13.77,9.225,,,,4/14/16 0:00
5,1,1,1270682,5,3,5,671.06865,0.5252,3045.7714,123.0018,0,93635.0237,0.34155,30867.2,1550.78,21,30.6,19.9875,,,,4/14/16 0:00
5,1,5,1270712,5,3,3,-2314.86675,-0.8383,4169.95495,159.8034,0,78336.3925,0.44505,39644.8,1991.77,21,35.7,20.14125,,,,4/14/16 0:00
3,2,8,1271663,1,2,6,-207956.1075,-19.2809,42349.05815,935.6868,-0.041,50414.7405,0.3933,197777.06,39748.665,5.25,8.262,5.125,,,,7/10/16 0:00
3,2,3,1235909,1,2,2,64519.995,5.2924,24740.16825,385.6926,-0.01025,139835.2926,0.3105,85727.2,8613.935,10.5,14.484,10.1475,,,,7/10/16 0:00
3,2,3,1235910,1,2,2,-20539.15485,-4.0198,8169.52185,131.8248,0,55446.8467,0.3105,28787.2,2892.56,10.5,14.484,10.25,,,,7/10/16 0:00
3,2,6,1271813,4,1,8,111334.0608,11.5544,-13577.64485,488.172,0.01025,250581.8093,0.3933,130537.68,13101.165,10.5,16.32,11.767,,,,7/10/16 0:00
3,2,6,1284199,1,1,4,584408.3643,45.9954,7656.03335,3517.2048,0.205,2319062.129,0.4968,1138034.04,114399.285,10.5,19.584,12.04375,,,,7/10/16 0:00
3,1,1,1284452,5,3,5,-5778.9309,-16.2711,2801.2579,87.3834,0,44136.3446,0.50715,20883.2,1049.18,21,39.78,19.9875,,,,7/10/16 0:00
3,1,5,751188,4,3,3,4300.9779,1.0807,5565.9149,111.5064,0,62277.4153,0.1863,25916.8,1302.07,21,24.99,18.45,,,,7/10/16 0:00
3,2,8,1271663,1,2,6,123232.7583,6.1105,44814.53375,1281.273,-0.07175,-21497.5111,0.3933,212372.68,42626.595,5.25,8.16,5.125,,,,10/16/16 0:00
3,2,6,803570,1,1,4,805875.8828,8.7365,-200508.5303,3807.3744,0.37925,3820426.787,0.6003,1620801.52,162856.98,10.5,24.48,13.8375,,,,10/16/16 0:00
3,2,7,1301998,4,1,7,-9470.00445,-14.4026,969.6498,83.181,-0.01025,-6115.4293,,11081.2,2226.895,5.25,,5.125,,,,10/16/16 0:00
3,1,1,1215779,5,3,11,8960.87145,6.5145,6245.16305,157.4676,0,55041.7889,0.2691,26468,2659.525,10.5,13.77,9.225,,,,10/16/16 0:00
3,1,1,1284452,5,3,5,8274.81825,61.9433,4202.21165,103.887,0,62884.2398,0.50715,25542.4,1284.305,21,39.78,19.48525,,,,10/16/16 0:00
3,1,5,1303812,5,3,3,23900.63865,135.7339,5873.61215,149.6136,0,80421.2567,0.44505,35484.8,1782.77,21,35.7,18.9625,,,,10/16/16 0:00
4,2,8,691542,4,2,6,99285.4776,5.8479,34043.47555,1276.1934,-0.05125,-4747.1876,,284569.48,57186.58,5.25,,6.07825,,,,2/9/17 0:00
4,2,3,1253016,1,2,2,78372.6537,2.9896,34810.47045,473.433,-0.0205,-4908.7122,,110676.8,11120.89,10.5,,10.25,,,,2/9/17 0:00
4,2,6,1334415,1,1,4,-132391.052,-7.3528,22444.50215,478.6554,0.0205,356006.8001,,119121.6,5984.715,21,,20.5,,,,2/9/17 0:00
4,2,7,662702,1,1,7,20030.40375,15.9176,5548.6802,134.079,-0.01025,3495.3565,,26624,2675.2,10.5,,9.99375,,,,2/9/17 0:00
4,1,1,324389,1,3,11,-1366.4985,-0.6767,1924.91705,34.5372,0,14080.9034,0.15525,8257.6,414.865,21,23.97,18.60375,,,,2/9/17 0:00
4,1,1,324395,1,3,11,-2152.3884,-1.8483,1598.9498,21.0222,0,11887.2506,0.15525,5428.8,272.745,21,23.97,18.60375,,,,2/9/17 0:00
4,1,1,324394,1,3,11,-1771.06125,-1.4443,1770.8502,25.4694,0,17203.3793,0.15525,6032,303.05,21,23.97,18.60375,,,,2/9/17 0:00
4,2,6,731718,1,1,4,611337.7916,16.4933,109223.4395,2161.8492,0.13325,1883761.984,,731308.24,36741.155,21,,20.91,,,,2/9/17 0:00
4,2,6,1191447,4,1,8,88071.4062,11.3928,29552.4152,601.8408,0.0205,324682.2032,,163124,16390.825,10.5,,10.1475,,,,2/9/17 0:00
4,2,6,1190267,2,1,8,4607.31195,0.6464,-1049.19535,282.4584,0,133657.641,,67392,6771.6,,,12.98675,,,,2/9/17 0:00
4,1,1,1345511,1,3,11,15510.83835,13.2916,4323.66655,104.8968,0,62930.6413,0.23805,25396.8,1275.945,21,26.52,19.21875,,,,2/9/17 0:00
4,1,5,1345539,5,3,3,-19235.1171,-42.2483,1691.32495,59.7312,0,31061.607,0.23805,15704,788.975,21,26.52,19.9875,,,,2/9/17 0:00
4,2,3,1235909,1,2,2,33649.88235,5.757,22536.7555,410.0298,0,201295.8973,0.207,89065.6,8949.38,10.5,12.75,10.25,,,,4/13/17 0:00
4,2,3,1235910,1,2,2,-54047.26185,-26.0479,8014.59225,151.0416,0,83741.9046,0.207,33020,3317.875,10.5,12.75,10.25,,,,4/13/17 0:00
4,2,3,1354385,1,2,12,58521.32085,44.7834,12905.10585,312.2118,0,148210.9848,0.207,65260,6557.375,10.5,12.75,10.25,,,,4/13/17 0:00
4,2,6,1190267,4,1,8,50117.14905,4.8581,-1769.25665,537.0096,0.0205,320951.6977,0.4554,140986.872,14163.93,10.5,18.309,13.12,,,,4/13/17 0:00
4,2,6,652446,1,1,4,515357.0655,30.5424,42068.43095,2569.6044,0.0615,1108439.084,0.4968,576206.02,57861.65,10.5,19.584,11.49025,,,,4/13/17 0:00
4,2,7,1198500,1,1,7,5822.1057,1.9998,-4912.73195,206.8152,-0.01025,24693.2303,0.5382,37952.2,3810.07,10.5,21.114,13.858,,,,4/13/17 0:00
4,1,1,1215779,5,3,11,-763.62915,-0.7777,5657.35625,154.785,-0.01025,-25226.1729,0.2691,24752,2487.1,10.5,13.77,9.225,,,,4/13/17 0:00
4,1,1,1356901,4,3,11,10330.82715,9.7869,3034.19025,52.8054,0,42961.3824,0.4554,13977.6,702.24,21,36.72,20.295,,,,4/13/17 0:00
4,1,5,1135056,5,3,3,-7323.24405,-16.0893,3978.9624,88.2198,0,44811.7568,0.30015,20506.72,1030.37,21,28.56,19.9875,,,,4/13/17 0:00
2,2,8,1271663,1,2,6,154724.4735,2.8684,66942.52845,1501.5114,-0.09225,-140071.8836,0.3933,300118.936,60312.175,5.25,8.262,5.125,,,,7/9/17 0:00
2,2,3,1214853,1,2,2,60106.14555,19.5334,11985.8508,223.3086,0,92239.4767,0.17595,60496.8,6078.765,10.5,12.24,10.25,,,,7/9/17 0:00
2,2,3,1214854,2,2,2,10462.6731,22.9977,1826.3301,44.7576,0,2736.9366,,10410.4,1046.045,,,10.25,,,,7/9/17 0:00
2,2,6,1191447,2,1,8,106041.3992,18.382,24657.6792,681.0234,0.03075,404403.7603,,184152.8,18503.815,,,10.7625,,,,7/9/17 0:00
2,2,6,803570,1,1,4,294857.151,20.4525,61918.37995,2715.1584,0.1845,2084446.71,0.3933,783377.4,52474.675,15.75,24.48,16.96375,,,,7/9/17 0:00
2,2,7,1104530,1,1,7,-21860.38815,-13.3017,4113.92695,175.542,-0.01025,28712.898,0.40365,30544.8,3069.165,10.5,16.83,9.99375,,,,7/9/17 0:00
2,1,1,1215779,5,3,11,11587.4691,6.6761,8649.2819,187.4862,-0.01025,18362.2838,0.2691,33373.6,3353.405,10.5,13.77,9.225,,,,7/9/17 0:00
2,1,5,1373633,5,3,3,2524.46955,4.7672,2463.202,68.6664,0,39182.8068,0.4554,18283.2,918.555,21,36.72,20.2335,,,,7/9/17 0:00
2,2,8,934606,4,2,15,68949.16065,3.939,22548.72235,531.8586,0.03075,499922.1493,0.38295,116677.6,11723.855,10.5,16.116,11.029,,,,10/12/17 0:00
2,2,6,1256474,4,1,8,84632.5173,10.201,26670.1603,653.973,0.07175,707160.096,0.34155,198265.6,9960.94,21,30.6,22.55,,,,10/12/17 0:00
2,2,6,731718,1,1,4,337440.6291,4.8177,57619.114,2100.2922,0.123,1533185.189,0.32085,767048.1,40585.71,21,29.376,21.49425,,,,10/12/17 0:00
2,2,7,662702,1,1,7,22847.11725,10.0192,5382.12885,200.583,0,57352.6145,0.2898,29101.54,2922.865,10.5,14.076,10.25,,,,10/12/17 0:00
2,1,1,24518,4,3,5,12331.72185,10.9989,3120.313,85.4862,0,54327.3706,0.30015,18449.6,926.915,21,28.56,19.475,,,,10/12/17 0:00
1,2,8,691542,2,2,6,416084.7434,40.7232,60448.07125,1768.4454,0.01025,684589.9635,,433000.828,91375.845,,,5.4325,,,,2/8/18 0:00
1,2,8,1443539,2,2,6,11082.8787,5.5449,515.93465,38.0766,0,32634.2316,,14341.3504,1153.68,,,13.8375,,,,2/8/18 0:00
1,2,3,1305559,2,2,2,3847.02945,16.261,1030.23515,13.4232,0,2302.4517,,4110.756,579.975,,,7.6875,,,,2/8/18 0:00
1,2,3,1453224,1,2,2,142911.191,5.9186,19186.55515,618.273,0.01025,474503.4797,,168271.8752,17751.415,10.5,,10.25,,,,2/8/18 0:00
1,2,6,1190267,4,1,8,316821.5064,11.9988,-32726.8277,1150.8354,0.0205,636746.824,0.48645,358563.7952,37739.13,10.5,19.38,12.98675,,,,2/8/18 0:00
1,2,6,1486455,1,1,4,819246.7947,49.5102,-72877.203,2735.2116,0.23575,3395384.484,0.4554,1179857.827,62231.84,21,36.72,24.5385,,,,2/8/18 0:00
1,2,7,662702,1,1,7,38187.03525,16.4933,8925.6055,218.5962,0,78832.286,0.30015,41916.7944,4417.215,10.5,14.28,9.99375,,,,2/8/18 0:00
1,1,1,1215779,5,3,11,26715.2718,21.2504,7782.36025,166.5762,0,68252.8058,0.2691,31101.2312,3282.345,10.5,13.77,8.774,,,,2/8/18 0:00
1,1,1,1224029,4,3,5,15010.64985,16.564,3560.20385,98.8686,0,76935.1805,0.3312,25874.264,1364.77,21,30.09,18.56275,,,,2/8/18 0:00
1,1,5,1135056,5,3,3,26455.46925,20.3717,4421.1776,115.515,0,60884.5463,0.30015,30288.3568,1596.76,21,28.56,19.0445,,,,2/8/18 0:00
1,2,3,1453224,2,2,2,-181521.5523,-7.3326,14704.63995,732.819,-0.0615,36604.5932,,133443.8872,14075.105,,,10.2295,,,,3/22/18 0:00
1,2,6,1190267,2,1,8,-41093.55555,-1.6261,-9138.451,761.6034,-0.03075,104439.0645,,197466.3808,20772.51,,,12.06425,,,,3/22/18 0:00
1,2,6,1497868,2,1,4,-388339.3767,-22.0988,97071.3317,1174.9686,0.123,991476.3726,,379901.2776,20028.47,,,21.30975,,,,3/22/18 0:00
1,2,7,1497651,2,1,7,-16796.75595,-6.1408,-5397.1204,162.231,-0.01025,19773.219,,24320.6704,2555.025,,,10.25,,,,3/22/18 0:00
1,1,1,1499029,5,3,11,-524.43915,-0.7474,3583.18345,142.2084,-0.01025,-7535.0062,0.2691,21657.4384,2284.37,10.5,13.77,8.76375,,,,3/22/18 0:00
1,1,1,1273116,2,3,5,-19488.2967,-39.5314,-706.14565,4.6104,0,3959.4024,,1557.92,38.665,,,39.975,,,,3/22/18 0:00
1,1,5,1494025,2,3,10,-10362.74595,-22.5533,257.37355,4.1412,0,3904.5858,,876.6992,31.35,,,27.675,,,,3/22/18 0:00
1,1,5,1481984,2,3,3,-17042.6493,-5.2116,758.4283,13.3416,0,9402.4065,,3363.7656,90.915,,,29.438,,,,3/22/18 0:00
1,1,5,1499031,5,3,3,14561.7666,31.6231,1855.7854,65.3616,0,29469.124,0.44505,15537.7248,819.28,21,35.7,19.3725,,,,3/22/18 0:00
1,1,2,1355603,2,4,1,-130.4088,-0.2929,365.83645,0.9588,0,6730.1024,,1732.7024,11.495,,,152.2945,,,,3/22/18 0:00
9,2,3,1124303,2,2,2,-12118.62165,-0.3535,6521.48665,253.0212,-0.041,115711.5699,,44123.04,4926.13,,,9.225,,,,2/1/16 0:00
9,2,3,1124304,2,2,2,-14452.3422,-2.7876,1047.9469,81.7836,-0.01025,45160.6075,,6158.88,687.61,,,9.225,,,,2/1/16 0:00
9,2,3,1153208,1,2,2,17943.3906,0.505,27405.1218,827.7606,-0.13325,342077.3067,0.25875,83725.2,9347.525,9.45,12.24,9.225,,,,2/1/16 0:00
9,2,3,1153209,2,2,2,-7335.26385,-0.5959,8969.11855,284.2842,-0.041,170071.7666,,29034.72,3241.59,,,9.225,,,,2/1/16 0:00
9,2,3,1198937,1,2,2,-9867.6126,-0.909,8261.13575,296.0142,-0.041,179913.1488,0.25875,27986.4,3124.55,9.45,12.24,9.225,,,,2/1/16 0:00
9,2,6,1220501,2,1,8,-39897.76635,-3.333,2332.4091,119.5848,0,58912.7349,,20074.34,641.63,,,32.8,,,,2/1/16 0:00
9,2,6,1260687,1,1,8,169196.1419,28.0174,23563.66145,1511.5584,0.0205,683991.1318,0.2898,225452.5,7859.445,30.1875,40.545,32.2875,,,,2/1/16 0:00
9,2,6,273658,1,1,4,368410.9001,21.6645,37931.77815,4239.9054,-0.1435,1485748.426,0.414,523226.704,32714.77,16.8,27.03,19.147,,,,2/1/16 0:00
9,2,6,1186017,2,1,4,-117458.1188,-5.5045,4569.6924,365.3946,-0.0205,145127.3399,,52905.84,2987.655,,,19.73125,,,,2/1/16 0:00
9,2,7,307162,2,1,7,-12847.62855,-1.6968,3595.44465,172.4616,-0.01025,119288.1934,,20988.812,1187.12,,,18.204,,,,2/1/16 0:00
9,1,5,853619,2,3,3,-14483.64795,-0.909,8650.4187,99.195,0,51824.7281,,25595.544,422.18,,,51.26025,,,,2/1/16 0:00
9,2,8,1208295,1,2,15,33611.1597,2.828,30283.6821,106.2432,0.0205,197899.2972,0.1863,46427.68,1263.405,38.325,45.39,40.59,,,,4/24/16 0:00
9,2,3,1214854,1,2,2,11456.28645,10.403,3549.1302,73.695,-0.01025,13211.0478,0.17595,12927.2,1298.935,10.5,12.24,10.25,,,,4/24/16 0:00
9,2,6,1220501,5,1,8,75430.36545,13.4936,20332.7236,507.0012,0.05125,522912.0686,0.25875,148821.4,5026.45,31.2375,40.545,32.8,,,,4/24/16 0:00
9,2,6,427152,1,1,4,416130.1694,58.3578,19804.87285,1868.9052,0.123,1260942.006,0.46575,468091.26,29862.965,16.5375,29.325,18.70625,,,,4/24/16 0:00
8,2,8,1114428,3,2,15,4018.98495,0.6868,7435.8291,171.0744,0,122105.5215,0.414,32279,2594.735,13.125,21.267,12.915,,,,11/17/16 0:00
8,2,6,1198936,2,1,8,-36217.2855,-1.6665,14816.9294,270.81,0.0205,221006.5232,,65951.08,2500.685,,,27.86975,,,,11/17/16 0:00
8,2,6,1302951,3,1,4,472387.9287,35.1783,108189.1038,2095.0596,0.082,887400.2698,0.67275,502058.7,51741.085,10.2375,28.305,11.7875,,,,11/17/16 0:00
6,2,6,1191128,1,1,8,150526.8599,12.1301,1447.2276,651.3618,0.0205,463326.4656,0.5175,173659.2,8724.705,21,40.8,23.17525,,,,1/29/17 0:00
6,2,6,504956,1,1,4,617531.8277,13.635,10202.2928,3601.314,0.123,1781742.966,0.5175,917865.52,76856.615,12.6,24.48,15.38525,,,,1/29/17 0:00
6,1,4,1096456,2,4,9,23719.3266,2.5351,9431.7657,4.9776,0.0205,142780.0214,,51241.84,30.305,,,1742.96125,,,,1/29/17 0:00
6,1,4,1271970,2,4,9,-235.09965,-0.0909,816.2833,1.4178,0,13794.1926,,10703.68,8.36,,,1322.25,,,,1/29/17 0:00
6,2,6,370233,1,1,8,67737.8643,10.5444,15929.64345,217.6578,0.041,388638.158,0.21735,76727.04,1939.52,41.7375,51.51,44.04425,,,,4/23/17 0:00
6,2,6,988639,1,1,4,480716.6049,63.1957,62996.83775,2681.2434,0.2255,2196101.481,0.44505,727886.64,32497.41,23.625,40.392,26.9985,,,,4/23/17 0:00
6,1,5,903478,2,3,3,-12030.051,-13.0593,4569.5503,66.8814,0,46519.9706,,16198,465.025,,,34.85,,,,4/23/17 0:00
7,2,8,691542,2,2,6,-11532.4353,-0.3838,7869.71115,188.6082,-0.0205,-51369.2209,,35427.6,7119.585,,,5.3915,,,,11/2/17 0:00
7,2,8,1282266,2,2,15,14404.2429,1.6059,13258.54915,65.1882,0.01025,106206.8535,,28225.6,961.4,,,30.06325,,,,11/2/17 0:00
7,2,6,1190267,2,1,8,8776.4238,0.3232,-5067.1845,201.807,-0.01025,-35646.6211,,49610.288,5227.09,,,13.694,,,,11/2/17 0:00
7,2,6,1054184,2,1,4,-190874.2532,-4.9894,13642.66575,416.3538,0.0205,264995.6499,,128504.2304,6877.145,,,20.8895,,,,11/2/17 0:00
7,2,6,1436678,1,1,4,303095.5079,16.2913,35772.81225,1522.4112,0.13325,1423516.774,0.3312,538686.72,21869.76,25.9875,37.026,27.91075,,,,11/2/17 0:00
7,2,7,1194669,2,1,7,7918.74675,1.1716,3795.70415,73.644,0,15731.6638,,15226.12,1031.415,,,13.4685,,,,11/2/17 0:00
7,1,5,1388016,2,3,3,64.41045,0.0101,4807.82155,64.26,0,64925.3702,,24076.52,466.07,,,49.2,,,,11/2/17 0:00
7,1,4,1222333,2,4,9,-1208.3316,-0.4949,2498.41235,1.1934,0.01025,42470.7934,,11633.44,14.63,,,763.625,,,,11/2/17 0:00
10,2,3,1437638,2,2,2,36167.16615,2.5856,14228.7572,301.206,0,209774.5586,,65543.504,6915.81,,,10.25,,,,1/28/18 0:00
10,2,3,1437639,2,2,2,25582.34535,4.9591,6354.5496,118.3914,0,80686.8319,,31443.4432,3317.875,,,10.25,,,,1/28/18 0:00
10,2,7,1194669,1,1,7,47786.2224,5.9994,11322.3859,381.1128,-0.01025,101621.1081,0.5382,57764.98,5182.155,12.3375,24.99,12.41275,,,,1/28/18 0:00
10,1,4,1465484,2,4,9,-19537.4613,-3.7269,2065.4438,3.5088,0,19165.1482,0.36225,17416.5784,16.72,1153.95,1732.98,1021.23825,,,,1/28/18 0:00
10,2,8,1364453,1,2,6,241918.9368,8.4537,48500.0089,1498.3188,-0.13325,-394499.5172,,311923.56,65792.155,5.25,,5.125,,,,4/19/18 0:00
10,2,8,1503676,2,2,6,71729.09115,1.3231,30197.64055,731.9928,-0.0205,8744.9987,,134166.708,29145.05,,,4.74575,,,,4/19/18 0:00
10,2,8,1114428,1,2,15,51950.51025,15.6752,32867.09055,197.166,0.01025,150771.9356,,58611.8832,4846.71,13.3875,,12.915,,,,4/19/18 0:00
10,2,3,1493833,2,2,2,541.14225,0.1212,556.45345,25.6122,0,1001.3969,,5547.828,646.855,,,9.758,,,,4/19/18 0:00
10,2,6,370233,2,1,8,5461.572,3.2219,1908.8496,23.6946,0,35355.7388,,7424.4976,180.785,,,44.00325,,,,4/19/18 0:00
10,2,6,1155014,2,1,8,-634.10475,-0.0808,308.79345,27.0096,0,20997.1783,,7283.7856,365.75,,,23.62625,,,,4/19/18 0:00
10,2,6,1334415,2,1,4,38257.1943,2.5452,14606.0124,261.9258,0.01025,126161.7336,,55288.6568,3668.995,,,14.7395,,,,4/19/18 0:00
10,2,6,1482186,1,1,4,392081.3837,23.0583,-1819.4078,1459.4976,0.09225,1132801.55,,440481.3816,21114.225,23.1,,24.6,,,,4/19/18 0:00
10,2,6,1503516,2,1,4,1116.957,0.3535,-249.284,21.5118,0,10046.7539,,4495.5352,391.875,,,14.35,,,,4/19/18 0:00
10,2,7,1403618,2,1,16,-396.42225,-0.3131,162.32895,5.2224,0,-683.7243,,926.4216,195.415,,,4.6945,,,,4/19/18 0:00
10,2,7,1194669,2,1,7,562.48845,0.1717,640.65785,19.6962,0,4984.2524,,4037.7064,292.6,,,12.06425,,,,4/19/18 0:00
10,2,7,1503259,2,1,7,10240.2063,17.0185,2705.85805,44.6658,0,46515.7579,,11095.0528,531.905,,,22.55,,,,4/19/18 0:00
10,1,4,1493772,2,4,9,-16068.945,-11.4534,374.8192,,,,,1484.7248,1.045,,,1394,,,,4/19/18 0:00
10,1,4,1046915,2,4,14,-489.1737,-0.4646,140.5369,1.173,0,5026.0189,,1699.6512,4.18,,,414.35625,,,,4/19/18 0:00
11,2,3,1274428,5,2,2,46159.09725,18.1901,16435.1845,238.833,-0.01025,-15058.3322,0.3105,47035.04,4745.345,10.5,14.535,10.25,,,,5/15/16 0:00
11,2,6,479421,1,1,4,323221.9796,4.4541,-20763.33735,2634.1296,0.205,2172052.907,0.44505,930192.12,62308.125,15.75,26.928,18.60375,,,,5/15/16 0:00
11,2,7,307162,1,1,7,18396.21345,2.7674,3551.81995,138.975,0,60177.2865,0.3519,36020.4,2412.905,15.75,23.103,17.917,,,,5/15/16 0:00
11,2,7,1096879,1,1,7,13038.468,5.4742,2524.68055,79.0296,0,47647.3468,0.3519,18361.2,1229.965,15.75,23.103,17.9375,,,,5/15/16 0:00
13,2,8,1360243,1,2,6,85258.7529,17.7255,19746.59155,547.8624,-0.03075,-68802.3005,0.17595,97475.04,16323.945,6.3,7.344,6.15,,,,5/4/17 0:00
13,2,3,1360242,5,2,2,62190.1437,44.2885,13590.444,295.6572,-0.0205,-32008.0122,0.25875,67944.24,7585.655,9.45,12.24,10.11675,,,,5/4/17 0:00
13,2,6,1294195,1,1,8,114798.3762,8.0093,23220.7437,441.9048,0.03075,383984.3399,0.25875,133615.56,6286.72,23.625,30.6,24.887,,,,5/4/17 0:00
13,2,6,1181355,1,1,4,333435.4328,25.2601,36413.21635,2041.4892,0.123,1454085.773,0.46575,618212.92,31452.41,20.7375,36.72,23.07275,,,,5/4/17 0:00
13,2,7,66745,4,1,7,20188.9626,2.7169,4403.6384,150.3378,-0.01025,-5479.909,0.2277,28646.8,3289.66,9.1875,11.475,11.32625,,,,5/4/17 0:00
12,2,3,376158,2,2,2,4920.2388,0.1919,12659.486,175.2462,-0.01025,-101383.8167,,32374.6592,14217.225,,,2.296,,,,4/29/18 0:00
12,2,3,376161,2,2,2,-84634.7685,-0.9292,13099.86405,119.1666,0,49409.7901,,51141.116,3755.73,,,13.7555,,,,4/29/18 0:00
12,2,3,1493833,1,2,2,51026.5434,10.9181,4573.387,125.817,0,-37449.4095,0.4761,55792.7552,6906.405,8.925,16.116,9.76825,,,,4/29/18 0:00
12,2,6,1486455,1,1,4,241354.2474,18.7355,10570.32165,437.325,0.03075,685391.9009,0.4761,286942.6872,15255.955,20.475,36.72,22.5705,,,,4/29/18 0:00
12,2,6,1503516,5,1,4,117148.4984,44.339,36381.85285,450.534,0.01025,186654.2722,0.5175,123954.2824,10841.875,12.6,24.48,14.35,,,,4/29/18 0:00
12,2,6,1504575,4,1,4,53574.942,5.0298,13358.0902,76.3164,0.01025,282147.7146,0.6624,66470.9968,1315.655,55.125,146.88,60.885,,,,4/29/18 0:00
12,2,7,1194669,1,1,7,23613.34935,7.2114,7085.3496,88.1382,0,-874.9335,0.5382,27856.452,2421.265,12.3375,24.99,12.10525,,,,4/29/18 0:00
12,2,6,1220565,2,1,4,26231.8467,2.424,1723.43955,49.0008,0.01025,169505.967,,38477.1504,1136.96,,,40.74375,,,,4/29/18 0:00
12,2,6,1155014,1,1,8,78810.894,9.9182,19698.98805,208.8858,0.0205,315024.2743,0.5175,89755.64,4506.04,22.05,42.84,23.616,,,,4/29/18 0:00
12,2,8,934606,2,2,15,-40716.92175,-2.7674,4134.4198,42.9114,0,30511.6179,,21161.504,2023.12,,,11.029,,,,4/29/18 0:00
12,2,8,1503676,1,2,6,385660.9613,7.272,28357.3745,1465.7502,-0.03075,-136488.7299,0.7038,448392.3912,131612.525,3.675,11.016,4.74575,,,,4/29/18 0:00
12,2,8,1274290,2,2,6,-17913.1602,-0.606,5798.94875,86.9346,0,-41475.2263,,25816.076,4884.33,,,3.9155,,,,4/29/18 0:00
12,2,7,1504709,1,1,7,14924.64195,3.7067,254.4808,38.6478,0,8569.5897,0.56925,19586.5072,1335.51,15.4875,33.66,20.5,,,,4/29/18 0:00
12,2,7,1503667,1,1,16,3678.28995,1.818,1537.8265,7.9356,0,-942.3367,0.58995,5895.864,583.11,11.8125,26.52,9.39925,,,,4/29/18 0:00
12,2,7,1403618,1,1,16,17789.7864,17.776,5908.6398,60.4656,-0.01025,-107578.247,0.61065,19455.1448,4518.58,4.725,11.22,4.6945,,,,4/29/18 0:00
12,2,6,1334415,1,1,4,205942.0473,10.0293,51604.96495,762.6846,0.0205,503054.4205,0.6003,234402.4592,17670.95,14.4375,33.456,14.432,,,,4/29/18 0:00
12,2,6,1313847,4,1,4,28529.24655,2.4038,1386.33775,36.6078,0.01025,165022.9847,0.4554,41938.9672,868.395,52.2375,90.882,57.51275,,,,4/29/18 0:00
12,2,6,1208879,1,1,4,64170.9384,9.9687,-15243.5136,143.6364,0.01025,242170.9323,0.414,73131.7808,3170.53,25.2,40.392,28.413,,,,4/29/18 0:00
12,2,6,1242687,1,1,8,121282.2242,3.737,22374.7006,251.8788,0.03075,606413.8802,0.27945,159274.8456,6042.19,28.35,37.536,30.49375,,,,4/29/18 0:00
12,2,6,1082906,4,1,8,63560.22,1.5958,16112.28255,152.1942,0.0205,408860.5703,0.207,107242.6992,2923.91,38.325,46.818,39.8315,,,,4/29/18 0:00
15,2,7,1198500,1,1,7,1164.9558,0.2929,3554.58075,139.1178,0,36685.922,0.3105,25772.8224,1876.82,15.225,21.114,15.416,,,,4/8/18 0:00
12,2,8,934607,1,2,15,30139.2666,5.0197,6169.5354,72.1854,0,107733.0869,0.44505,36962.9312,2827.77,13.3875,22.44,17.04575,,,,4/29/18 0:00
12,2,8,1274289,2,2,6,-178.7493,-0.0505,47.7253,34.0986,0,-34234.0997,,3677.1696,3423.42,,,0.656,,,,4/29/18 0:00
12,2,8,691542,1,2,6,100377.4302,7.0195,29154.05815,349.2378,-0.0205,-190557.1585,0.6003,117247.52,26418.645,4.725,11.016,4.6125,,,,4/29/18 0:00
16,2,8,1222252,1,2,6,12473.2158,4.1511,3483.28715,156.2232,-0.0205,-22293.8453,0.34155,30232.8,3037.815,10.5,15.3,12.3,,,,4/3/16 0:00
16,2,6,1198936,4,1,8,-66681.2073,-4.2319,-3972.0604,1375.4904,0.03075,679160.3288,0.4347,300321.84,15252.82,20.7375,34.578,28.6795,,,,4/3/16 0:00
16,2,6,504956,1,1,4,-95670.2715,-5.6661,9401.44765,2801.43,0.041,974030.7888,0.4347,567548.8,40734.1,14.7,24.48,17.425,,,,4/3/16 0:00
16,2,7,1194285,1,1,7,-12493.94895,-7.2821,-2.24315,93.3912,-0.01025,11481.822,0.3726,14648.4,981.255,15.75,23.868,17.9375,,,,4/3/16 0:00
16,2,7,1194669,1,1,7,-8536.35945,-3.0098,1514.9281,137.7102,-0.01025,44580.8617,0.3726,20186.4,1352.23,15.75,23.868,17.9375,,,,4/3/16 0:00
14,2,8,1261945,1,2,6,89808.7899,23.8259,13608.25725,981.1482,-0.1025,-261633.5342,0.4554,136044.688,27339.29,5.25,9.18,5.46325,,,,4/2/17 0:00
14,2,8,1286004,2,2,6,-38454.20445,-16.463,7823.73165,185.0994,-0.0205,-414.0497,,27290.64,4219.71,,,6.61125,,,,4/2/17 0:00
14,2,6,1281224,1,1,8,85941.8715,26.3206,23873.11465,559.8576,0.03075,381747.1799,0.32085,154589.76,8629.61,18.9,26.52,19.46475,,,,4/2/17 0:00
14,2,6,273658,2,1,4,-391325.0408,-19.8162,-4346.8796,652.9938,0.0205,263314.6075,,157759.68,11964.205,,,16.88175,,,,4/2/17 0:00
14,2,6,1118156,1,1,4,643508.6355,104.6663,-68481.7252,3127.7892,0.1025,1409381.497,0.4968,813375.68,73262.86,11.8125,21.93,14.76,,,,4/2/17 0:00
14,1,2,1111067,4,4,13,5029.23105,18.3517,2596.167,11.9646,0,1559.317,0,5609.76,194.37,30.45,,23.25725,,,,4/2/17 0:00
14,1,2,908989,4,4,13,641.34075,6.2014,1637.2965,0.9792,0,3433.9994,0.2484,926.64,9.405,103.95,132.6,101.27,,,,4/2/17 0:00
14,1,2,908988,4,4,13,418.27095,1.9594,1185.0734,0.7854,0,2102.0549,0.2484,823.68,8.36,103.95,132.6,101.27,,,,4/2/17 0:00
14,1,2,908986,4,4,13,1460.7273,9.2213,1066.77515,0.9078,0,-7456.2215,0.2484,1647.36,16.72,103.95,132.6,101.27,,,,4/2/17 0:00
14,1,2,908985,4,4,13,1211.95965,5.2621,1022.4095,1.4688,0,4080.9012,0.2484,1647.36,16.72,103.95,132.6,101.27,,,,4/2/17 0:00
14,1,2,908984,4,4,13,814.62285,4.7571,1350.8635,1.5096,0,5636.3557,0.2484,1029.6,10.45,103.95,132.6,101.27,,,,4/2/17 0:00
14,1,2,1355603,5,4,1,7514.07345,12.6553,1164.25575,7.8132,0.01025,32541.5934,0,8212.88,55.385,156.45,,151.7,,,,4/2/17 0:00
14,1,2,1355604,4,4,13,5434.66815,21.4524,1975.9614,13.3926,0,13582.4555,0,5911.36,204.82,30.45,,25.9325,,,,4/2/17 0:00
14,1,2,908987,4,4,13,651.9033,4.3632,837.6592,0.816,0,3064.8577,0.2484,823.68,8.36,103.95,132.6,101.27,,,,4/2/17 0:00
14,1,5,853619,4,3,3,30808.98855,2.5856,13633.38865,194.514,0.0205,160592.3264,0.30015,61622.6,1264.45,51.45,70.38,49.21025,,,,4/2/17 0:00
14,2,7,1198500,1,1,7,-16548.19935,-5.0298,6635.43055,127.4082,0,51733.81,0.30015,25303.2,1694.99,15.75,21.42,13.97075,,,,4/2/17 0:00
14,2,3,1124304,3,2,2,23415.14325,5.959,5598.4761,112.608,-0.0205,-65672.2644,0.25875,26732.16,2984.52,9.45,12.24,9.225,,,,4/2/17 0:00
14,2,3,1124303,3,2,2,128062.4667,5.3833,33550.93665,369.4134,-0.0615,-94243.867,0.25875,153241.92,17108.74,9.45,12.24,9.225,,,,4/2/17 0:00
15,2,8,1499591,2,2,6,55901.4366,11.7261,7446.94335,484.041,-0.041,-111113.2276,,59642.1488,13970.605,,,4.58175,,,,4/8/18 0:00
15,2,3,1437638,1,2,2,109014.7118,8.6557,26537.0735,662.49,-0.0205,247838.2086,0.17595,116750.8368,12315.325,10.5,12.24,10.23975,,,,4/8/18 0:00
15,2,6,1191128,1,1,8,44483.40045,21.5635,11887.883,558.8784,0.041,390392.2995,0.44505,160538.3312,7783.16,22.8375,38.76,24.0875,,,,4/8/18 0:00
15,2,6,1492339,1,1,4,55019.25765,6.5246,143445.7479,1260.8016,0.11275,966418.6768,0.3933,398041.1552,16959.305,25.9875,40.392,26.3835,,,,4/8/18 0:00
15,1,4,1456419,4,4,9,-16243.78485,-7.5144,2079.90755,1.428,0.01025,56438.9736,0.38295,17819.6616,9.405,2098.95,3213,2089.7495,,,,4/8/18 0:00
15,1,2,922248,4,4,13,-237.8031,-0.2121,912.1805,4.8246,0,7614.7385,0.23805,3486.756,53.295,72.45,91.035,65.03625,,,,4/8/18 0:00
15,1,2,922249,4,4,13,-1225.10505,-1.5857,910.40425,3.7434,0,8207.0503,0.23805,1913.5064,29.26,72.45,91.035,65.3335,,,,4/8/18 0:00
17,2,8,1271664,1,2,6,120229.1751,21.0888,20655.30075,536.1528,0,110617.5813,0.36225,133861,19531.05,7.35,11.016,7.175,,,,5/26/16 0:00
17,2,3,1274429,5,2,2,38308.6905,10.2515,25891.2899,169.3404,0,131993.264,0.2277,44880.16,3245.77,14.7,18.309,13.19175,,,,5/26/16 0:00
17,2,3,1274430,5,2,2,10923.3249,6.0398,10307.41635,45.7266,0,31655.1342,0.2277,13584.48,974.985,14.7,18.309,12.9765,,,,5/26/16 0:00
17,2,3,1274431,5,2,2,8202.81,5.0803,14203.7273,40.2492,0,33334.0239,0.2277,10457.2,752.4,14.7,18.309,12.997,,,,5/26/16 0:00
17,2,6,994603,4,1,8,269070.2681,8.3527,24408.50685,526.0854,0.0615,1185470.837,0.2484,312075.4,9648.485,34.125,43.35,39.4625,,,,5/26/16 0:00
17,2,6,884928,1,1,4,1596796.391,34.138,-1692.8373,3473.4876,0.39975,6477053.494,0.4347,1699374.04,68301.2,26.25,44.064,30.14525,,,,5/26/16 0:00
18,2,3,1124303,4,2,2,69732.1461,2.7876,21597.93125,151.1028,-0.0205,-147763.6249,0.25875,104279.76,11642.345,9.45,12.24,9.225,,,,5/14/17 0:00
18,2,6,1049253,1,1,4,158734.6748,13.6956,11194.8613,297.4116,0.041,752998.7834,0.2691,176224.36,7224.085,25.725,33.813,28.56675,,,,5/14/17 0:00
18,2,6,1358904,1,1,4,884185.6536,59.8829,157958.0251,1745.1078,0.1845,3319897.215,0.4347,928607.68,29858.785,32.8125,55.08,36.9,,,,5/14/17 0:00
18,2,6,994603,4,1,8,213754.3746,10.6353,16102.2848,331.2246,0.05125,929461.9678,0.23805,242010.6,7537.585,33.8625,42.84,39.4625,,,,5/14/17 0:00
18,2,8,934607,3,2,15,61305.09045,13.7865,3785.24965,156.264,0,160454.8523,0.42435,66417.468,5232.315,13.3875,22.032,17.04575,,,,5/14/17 0:00
18,2,8,934606,2,2,15,19685.54805,1.3332,7102.9294,86.7714,0,85706.5678,,34903.232,3507.02,,,11.029,,,,5/14/17 0:00
18,2,8,691542,4,2,6,170733.4602,7.272,21643.1089,727.8006,-0.03075,-174081.3197,0.4554,196679.392,39519.81,5.25,9.18,6.109,,,,5/14/17 0:00
18,2,7,1017329,1,1,16,41828.85375,18.6951,-5418.18165,128.9892,-0.01025,-119200.8803,0.4554,45609.2,6546.925,7.35,12.852,9.7375,,,,5/14/17 0:00
18,2,7,1114449,1,1,7,64873.5942,15.2207,9462.845,165.7908,0,131011.8697,0.4968,71586.32,4231.205,17.85,33.66,20.5,,,,5/14/17 0:00
18,1,5,1362412,4,3,3,1404.5478,1.1211,5706.68525,71.6856,0,56664.1419,0.4554,27445.6,787.93,36.75,63.24,34.85,,,,5/14/17 0:00
19,2,3,376161,2,2,2,-179279.0958,-1.9291,5657.8942,136.1292,0,75386.215,,51260.9968,4030.565,,,13.64275,,,,5/10/18 0:00
19,2,3,376158,2,2,2,-115578.5979,-4.343,1191.33595,138.1998,-0.01025,-79059.5864,,26140.244,11479.325,,,2.296,,,,5/10/18 0:00
19,2,8,934607,2,2,15,21863.08155,4.04,10723.09945,128.1426,0.01025,185843.4768,,68583.2368,5661.81,,,17.04575,,,,5/10/18 0:00
19,2,8,934606,2,2,15,-88275.2604,-5.8075,7865.5801,61.353,0,38266.7557,,26531.9704,2598.915,,,11.029,,,,5/10/18 0:00
19,2,8,1274289,2,2,6,-109791.1547,-28.2598,26.62345,51.4692,0,-56892.2972,,4336.384,4385.865,,,0.656,,,,5/10/18 0:00
19,2,8,691542,2,2,6,19376.601,1.0403,60235.1344,924.528,-0.03075,-212712.4894,,267565.3448,62686.415,,,4.6125,,,,5/10/18 0:00
19,2,3,1493833,2,2,2,-65461.73025,-15.0288,2481.40095,87.5262,0,-45915.0207,,32759.4696,3992.945,,,9.76825,,,,5/10/18 0:00
19,2,8,1274290,2,2,6,-229287.6044,-7.4033,-44.10175,108.3954,-0.01025,-35923.7632,,31322.772,6422.57,,,3.9155,,,,5/10/18 0:00
19,2,6,1082906,2,1,8,143941.0547,3.535,25643.2442,266.0364,0.03075,615934.7367,,191466.8288,5607.47,,,40.0775,,,,5/10/18 0:00
19,2,6,1242687,2,1,8,351867.183,11.4029,51785.10715,714.5916,0.0615,1250704.723,,396206.0128,15764.87,,,30.49375,,,,5/10/18 0:00
19,2,6,1208879,2,1,4,134452.4276,18.483,-44892.7395,425.2584,0.03075,641997.6404,,201241.0504,8836.52,,,28.413,,,,5/10/18 0:00
19,2,6,1220565,2,1,4,31734.7443,2.7876,1599.0716,117.1266,0.01025,275555.4159,,86924.3024,2661.615,,,40.74375,,,,5/10/18 0:00
19,2,6,1313847,2,1,4,109557.5424,10.7969,4395.50825,123.42,0.03075,517193.9412,,123826.1024,2623.995,,,57.5025,,,,5/10/18 0:00
19,2,6,1486455,2,1,4,716704.8056,30.9868,19772.23045,1159.7604,0.09225,1592751.449,,765473.3944,41562.785,,,22.53975,,,,5/10/18 0:00
19,2,6,1504575,2,1,4,183612.2237,17.2205,42088.5787,218.4432,0.041,781948.7462,,200681.364,4030.565,,,60.885,,,,5/10/18 0:00
19,2,7,1503667,2,1,16,22542.46155,12.6957,11076.7762,52.4076,0,7505.0847,,25135.4584,2396.185,,,9.39925,,,,5/10/18 0:00
19,2,7,1504709,2,1,7,54384.76095,13.2916,1205.38355,146.4312,0,87281.6644,,60541.6864,4210.305,,,20.5,,,,5/10/18 0:00
22,2,8,783248,2,2,6,-36.53175,-0.0202,7029.0577,158.202,-0.0205,40602.9811,,14872.52,2369.015,,,5.62725,,,,3/13/16 0:00
22,2,3,1153208,1,2,2,27048.7308,0.7171,27878.24375,642.7632,-0.082,159372.5489,0.25875,83482.464,9320.355,9.45,12.24,9.225,,,,3/13/16 0:00
22,2,3,1153209,1,2,2,19680.8949,1.4746,12168.4696,287.64,-0.041,83318.7291,0.25875,36475.92,4072.365,9.45,12.24,9.225,,,,3/13/16 0:00
22,2,3,1198937,1,2,2,23137.74315,2.0604,10791.53075,258.7944,-0.041,77515.0396,0.25875,33480.72,3737.965,9.45,12.24,9.225,,,,3/13/16 0:00
22,2,6,994603,4,1,8,-98471.61855,-3.4239,9253.8362,300.5022,0.03075,262999.6644,0.1449,72465.64,1994.905,38.325,43.35,39.4625,,,,3/13/16 0:00
22,2,6,1015895,1,1,4,-20992.3596,-3.1916,-92591.5074,3879.8862,0.0615,1280694.656,0.4347,609063,48959.295,13.125,22.032,14.76,,,,3/13/16 0:00
21,2,8,691542,1,2,6,125784.2624,6.7973,20939.35865,725.8932,-0.1025,-349032.6392,0.4554,160901.572,32115.985,5.25,9.18,6.13975,,,,3/12/17 0:00
21,2,8,1114428,1,2,15,9686.56185,3.5552,5830.59645,88.6176,0,33652.2012,0.414,27144,2181.96,13.125,21.267,12.915,,,,3/12/17 0:00
21,2,3,1253016,1,2,2,39129.36345,1.4847,27519.66455,377.6958,-0.03075,-61842.8171,0.34155,81369.6,8176.08,10.5,15.3,10.25,,,,3/12/17 0:00
21,2,3,1286005,1,2,2,23508.02535,2.2422,13408.62705,183.5388,-0.01025,12292.329,0.207,48172.8,4840.44,10.5,12.75,10.25,,,,3/12/17 0:00
21,2,3,1286008,1,2,2,-21713.51745,-5.4338,6302.6222,71.9814,-0.01025,10441.5941,0.207,18304,1839.2,10.5,12.75,10.25,,,,3/12/17 0:00
21,2,6,370233,1,1,8,-34362.4173,-4.5551,8846.3746,104.3562,0.0205,190997.4835,0.21735,43517.76,1100.385,41.7375,51.51,44.0135,,,,3/12/17 0:00
21,2,6,1347845,5,1,8,70996.5366,5.3025,40339.92655,493.782,0.0615,522756.2708,0.44505,159228.16,5714.06,29.4,49.674,28.7,,,,3/12/17 0:00
21,2,3,1160589,2,2,2,4971.40335,17.3922,1361.1962,19.38,0,-10025.0724,,4976.4,666.71,,,7.6875,,,,3/12/17 0:00
21,2,8,1286004,2,2,6,-24787.2597,-10.0596,4450.8562,94.8702,-0.01025,681.654,,12855.336,2001.175,,,6.61125,,,,3/12/17 0:00
21,2,6,504956,1,1,4,385523.2964,7.0498,9056.1954,2408.8626,0.01025,673870.0119,0.5175,609296.376,51017.945,12.6,24.48,15.38525,,,,3/12/17 0:00
21,2,6,1334415,1,1,4,-96553.9077,-4.848,9172.48395,236.1096,0.01025,117934.8146,0.23805,53602.64,2692.965,21,26.52,20.5,,,,3/12/17 0:00
21,2,7,1210829,1,1,7,-8377.22775,-1.3736,6634.80125,133.2936,0,41214.2346,0.5382,30293.64,2091.045,15.225,30.6,14.87275,,,,3/12/17 0:00
21,1,1,1352205,5,3,5,-22637.0622,-73.5583,1971.78975,26.826,0,17975.2819,0.4761,6442.8,219.45,30.975,56.1,28.7,,,,3/12/17 0:00
21,1,5,1352226,5,3,3,-15441.53355,-17.2306,3097.6176,70.533,0,18863.7908,0.34155,14620.32,667.755,23.1,33.66,21.4225,,,,3/12/17 0:00
20,2,8,1497372,2,2,15,25447.9869,3.6562,16952.6518,454.5324,-0.03075,59882.2018,,83143.008,10300.565,,,8.76375,,,,3/11/18 0:00
20,2,3,1497358,2,2,2,-136166.646,-17.0993,10743.05435,182.9676,-0.01025,59790.8099,,57082.8128,4011.755,,,14.64725,,,,3/11/18 0:00
20,2,3,1497359,2,2,12,32819.8227,6.6458,7410.8195,121.4412,-0.01025,32595.1637,,36169.0264,2542.485,,,14.64725,,,,3/11/18 0:00
20,2,3,1497360,2,2,12,27798.06885,4.9995,6521.93325,90.9534,0,58353.2286,,31980.4992,2247.795,,,14.64725,,,,3/11/18 0:00
20,2,6,1496081,2,1,4,220485.9953,19.6445,69554.36705,1494.096,0.205,1394019.582,,514605.6032,20283.45,,,28.413,,,,3/11/18 0:00
20,2,7,1496083,2,1,7,-3712.068,-2.3735,11068.05735,231.6318,-0.03075,-69291.087,,33318.2408,3903.075,,,10.3115,,,,3/11/18 0:00
20,1,1,1273116,2,3,5,-12702.14475,-26.5933,1087.92775,12.393,0,7910.3485,,4337.4136,107.635,,,39.975,,,,3/11/18 0:00
20,1,5,1494025,2,3,10,-7922.40495,-16.3317,669.0271,8.058,0,8532.4479,,1901.276,67.925,,,27.675,,,,3/11/18 0:00
20,1,5,1388016,4,3,3,11501.00895,1.212,5816.60975,94.1766,0.01025,95606.1553,0.2898,34942.3568,708.51,54.6,73.95,49.2,,,,3/11/18 0:00
20,1,5,1481984,2,3,3,-31.42635,-0.0101,2327.48635,36.6588,0,19886.725,,10552.2872,285.285,,,29.438,,,,3/11/18 0:00
20,1,2,1355603,2,4,1,1437.1701,3.5653,784.54425,1.887,0,8703.2219,,3149.744,20.9,,,151.7,,,,3/11/18 0:00
23,2,8,1132483,1,2,6,48393.43335,13.0997,21852.24965,868.326,-0.05125,470483.0601,0.25875,66176.24,7822.87,8.925,11.628,8.7125,,,,2/21/16 0:00
23,2,8,934607,1,2,15,-3631.3866,-0.7373,2393.5121,304.98,0,259216.5156,0.42435,38865.06,3062.895,13.3875,22.032,17.04575,,,,2/21/16 0:00
23,2,3,1124303,1,2,2,61587.61605,1.5352,23574.37985,685.083,-0.07175,280272.6202,0.25875,121324.32,13545.29,9.45,12.24,9.225,,,,2/21/16 0:00
23,2,3,1124304,1,2,2,-1942.9464,-0.3737,4451.29265,185.7726,-0.0205,92867.2205,0.25875,17624.88,1967.735,9.45,12.24,9.225,,,,2/21/16 0:00
23,2,6,1190267,4,1,8,118471.2191,9.393,-7508.79745,1260.006,-0.041,479515.6245,0.4761,145884.18,15034.415,10.2375,18.36,12.92525,,,,2/21/16 0:00
23,2,6,504956,1,1,4,76477.9674,4.6157,29997.1476,3173.679,0.01025,1213559.699,0.40365,428154.74,29166.995,15.4875,24.48,17.425,,,,2/21/16 0:00
23,2,7,1198500,1,1,7,16681.72365,9.4536,4770.8451,271.116,-0.01025,121511.7883,0.3933,27209,2194.5,13.125,20.4,13.8375,,,,2/21/16 0:00
24,2,3,1106537,5,2,2,2458.7325,0.2727,5701.12305,68.289,-0.01025,-49820.9558,,30617.6,3076.48,10.5,,10.25,,,,2/19/17 0:00
24,2,3,1187953,5,2,2,1938.2832,1.0403,2333.27185,36.261,-0.01025,-35858.2552,,10420.8,1047.09,10.5,,10.25,,,,2/19/17 0:00
24,2,3,1314729,4,2,2,33724.4433,4.2824,15298.08,118.9524,0.01025,125100.2362,,59540,2393.05,26.25,,25.625,,,,2/19/17 0:00
24,2,3,1314730,4,2,2,7067.4414,3.4037,5587.68665,51.8874,0,66799.2492,,21580,867.35,26.25,,25.625,,,,2/19/17 0:00
24,2,6,1314736,1,1,8,51025.056,5.8277,18076.8658,352.4814,0.0205,257519.9202,,125112,6285.675,21,,21.90425,,,,2/19/17 0:00
24,2,6,1339624,1,1,4,352989.1851,39.7334,80085.66195,1698.4428,0.19475,1817249.332,,656938.36,22959.695,30.1875,,34.59375,,,,2/19/17 0:00
25,2,3,1412186,2,2,12,623.67285,0.4444,463.56065,8.9046,0,9756.263,,3244.8104,175.56,,,19.9875,,,,2/22/18 0:00
25,2,3,1412543,5,2,12,10152.39945,1.5756,3764.58425,80.7636,0,71768.0207,0.30015,37572.704,2993.925,14.175,19.278,13.8375,,,,2/22/18 0:00
25,2,6,994603,4,1,8,66028.24875,3.4542,17844.29885,196.0542,0.03075,378761.6425,0.07245,88288.2728,2417.085,40.425,42.33,39.4625,,,,2/22/18 0:00
25,2,6,988638,1,1,4,170019.4781,5.3429,75782.81305,1949.8014,0.1845,2002446.041,0.32085,703876.6696,29694.72,26.25,36.72,26.1375,,,,2/22/18 0:00
25,2,7,1403618,2,1,16,5434.68825,3.7067,6431.84185,68.3604,-0.0205,-98209.4597,,16806.3168,3546.73,,,4.6945,,,,2/22/18 0:00
25,2,7,1403613,2,1,7,9728.87235,8.0194,3085.8436,81.5184,-0.01025,-55552.5453,,12050.9376,2119.26,,,6.191,,,,2/22/18 0:00
25,1,1,1273116,2,3,5,-13572.4245,-29.2092,609.31465,10.2,0,5877.1182,,2442.5648,60.61,,,39.975,,,,2/22/18 0:00
25,1,5,1494025,2,3,10,-97.3644,-0.1919,336.46235,2.3766,0,4006.0717,,985.4624,33.44,,,27.675,,,,2/22/18 0:00
25,1,5,1481984,2,3,3,-1192.4928,-0.3434,1404.76,20.451,0,12768.1375,,6169.8624,163.02,,,29.438,,,,2/22/18 0:00
25,1,4,1488347,2,4,9,353.79015,0.1818,116.67425,0.357,0,10870.4243,0.2484,2573.2512,2.09,1363.95,1732.98,1238.2,,,,2/22/18 0:00
25,1,4,1046915,2,4,14,1870.9281,2.2119,480.53145,0.7446,0,9116.0768,0.25875,4002.5232,9.405,471.45,609.96,424.924,,,,2/22/18 0:00
25,1,2,1355603,2,4,1,-2110.8216,-4.8177,128.87455,0.51,0,464.8493,,629.9488,4.18,,,153.4835,,,,2/22/18 0:00
26,2,3,1124303,1,2,2,76362.5331,2.1109,22316.5817,1176.315,-0.123,713296.6506,0.25875,126378.72,14109.59,9.45,12.24,9.225,,,,1/21/16 0:00
26,2,3,1124304,1,2,2,17481.1911,3.2623,5808.83485,390.3234,0.0205,306494.3808,0.25875,25421.76,2838.22,9.45,12.24,9.225,,,,1/21/16 0:00
26,2,3,1153208,2,2,2,19651.21725,0.606,9527.7238,836.6652,-0.0205,554626.7574,,62488.14,6979.555,,,9.225,,,,1/21/16 0:00
26,2,3,1153209,2,2,2,15358.29945,1.4746,5248.69695,408.51,0.1845,398122.9233,,28753.92,3210.24,,,9.225,,,,1/21/16 0:00
26,2,3,1198937,2,2,2,16460.8548,1.818,5112.60575,430.2564,0.17425,421838.0038,,29970.72,3346.09,,,9.225,,,,1/21/16 0:00
26,2,6,1190267,2,1,8,-1219.7283,-0.0707,2194.4503,247.3806,0.03075,189763.3993,,19657.612,1575.86,,,12.9765,,,,1/21/16 0:00
26,2,6,1220501,5,1,8,198106.0121,22.1695,28519.7136,1595.3922,0.1435,884696.7155,0.36225,219331.32,7470.705,30.975,46.155,32.76925,,,,1/21/16 0:00
26,2,6,731718,2,1,4,-9170.3838,-0.1919,6385.41575,495.5568,0.07175,293172.7007,,58364.852,2940.63,,,20.94075,,,,1/21/16 0:00
26,2,6,1186017,1,1,4,619876.362,62.3372,34097.83895,5565.9156,0,2403394.254,0.4968,651838.98,39102.855,17.5875,32.64,19.75175,,,,1/21/16 0:00
26,2,7,307162,1,1,7,30097.48875,3.4643,6854.6401,532.8174,0.13325,434550.9436,0.30015,40690.78,2553.98,16.8,23.103,18.1015,,,,1/21/16 0:00
26,1,5,853619,4,3,3,35385.9294,2.0604,21508.87515,367.812,0.05125,231831.3803,0.207,90870.208,1660.505,57.75,70.38,51.26025,,,,1/21/16 0:00
27,2,3,1106537,5,2,2,-59903.9094,-7.4235,7349.2293,69.9312,-0.0205,-82248.6724,,42816.8,4302.265,10.5,,10.25,,,,1/12/17 0:00
27,2,3,1316529,5,2,2,-20156.3403,-23.5835,6608.1778,46.0632,0.01025,70203.8318,,19768.32,551.76,37.8,,36.9,,,,1/12/17 0:00
27,2,6,1260687,1,1,8,61754.04405,41.7332,13733.762,326.7876,0.03075,285601.49,0.32085,128044.8,4765.2,28.35,39.78,30.75,,,,1/12/17 0:00
27,2,3,1316532,5,2,12,7182.12195,12.0392,8720.86985,15.9528,0,21362.3133,,8161.92,227.81,37.8,,36.9,,,,1/12/17 0:00
27,2,3,1316531,5,2,12,2705.69115,7.6861,6402.5185,6.1608,0,10874.2559,,4417.92,123.31,37.8,,36.9,,,,1/12/17 0:00
27,2,3,1316528,5,2,2,-26853.04725,-13.0088,19924.98795,97.6956,0.01025,106799.4949,,49720.32,1387.76,37.8,,36.9,,,,1/12/17 0:00
27,2,3,1187953,5,2,2,-36243.4557,-21.7251,3803.35725,42.5952,-0.01025,-71098.5413,,17815.2,1790.085,10.5,,10.25,,,,1/12/17 0:00
27,2,6,504956,1,1,4,139391.9121,2.9492,55906.403,2515.5546,-0.0205,386069.1835,0.4761,625196.832,48321.845,13.65,24.48,15.375,,,,1/12/17 0:00
27,2,7,1210829,1,1,7,-23211.2388,-5.2722,5018.06865,99.5724,-0.01025,4889.4718,0.38295,24917.36,1317.745,19.95,30.6,20.2335,,,,1/12/17 0:00
27,1,5,1291304,5,3,3,2478.6717,3.8683,6349.84,115.3518,-0.01025,-9504.5207,0.30015,22274.72,1119.195,21,28.56,16.20525,,,,1/12/17 0:00
28,2,8,1286004,1,2,6,-338181.3342,-33.0573,13396.4978,518.823,-0.082,-369764.7573,0.32085,90315.8776,15873.55,6.3,8.874,6.61125,,,,1/12/18 0:00
28,2,3,1481169,1,2,2,-85237.03485,-8.5143,-1593.347,337.4568,-0.03075,-89919.9373,0.34155,77510.7216,9085.23,9.45,13.77,9.37875,,,,1/12/18 0:00
28,2,6,1482186,1,1,4,-271563.2309,-16.4832,-16062.4359,1406.325,0.11275,1141259.992,0.3312,515531.588,24169.805,23.625,33.66,24.6,,,,1/12/18 0:00
28,2,7,1194669,1,1,7,-20729.74305,-2.4846,1207.9515,168.4122,-0.01025,208.4823,0.38295,36803.1144,2493.37,16.275,24.99,16.28725,,,,1/12/18 0:00
29,2,3,1124303,2,2,2,44759.9463,1.3332,22471.0241,353.124,-0.0615,-176770.4025,,121848.48,13603.81,,,9.225,,,,6/30/16 0:00
29,2,3,1124304,2,2,2,-29655.6204,-7.8376,2304.9229,46.3998,-0.0205,-68786.4694,,11325.6,1264.45,,,9.225,,,,6/30/16 0:00
29,2,3,1279689,4,2,2,43103.5656,6.1509,15552.75365,337.0386,-0.05125,-94975.4966,0.207,68702.4,6903.27,10.5,12.75,9.84,,,,6/30/16 0:00
29,2,3,1279692,2,2,2,-10972.92165,-8.4537,3200.56905,63.0768,-0.01025,-41968.7405,,12303.2,1236.235,,,9.84,,,,6/30/16 0:00
29,2,6,1281224,1,1,8,16388.6958,1.2221,10469.55245,579.0438,-0.0205,92830.2538,0.34155,146515.2,9814.64,15.75,22.848,17.425,,,,6/30/16 0:00
29,2,6,504956,1,1,4,-111371.4167,-3.03,-8694.43925,2523.5412,0.01025,758206.3707,0.5175,664565.408,55583.55,12.6,24.48,15.8875,,,,6/30/16 0:00
30,2,8,1364453,4,2,6,235445.2494,4.4036,75463.04745,1554.7452,-0.246,-587077.5151,0.414,313450.8,62991.555,5.25,8.568,5.125,,,,6/18/17 0:00
30,2,6,1207181,4,1,8,54141.77205,10.2313,12618.2161,403.5018,0.0205,265102.4197,0.21735,116871.04,5337.86,23.1,28.56,24.6,,,,6/18/17 0:00
30,2,6,273658,1,1,4,168429.5982,10.8171,9208.15105,1945.1502,0.01025,546517.2996,0.46575,600763.28,43537.835,14.7,25.806,16.90225,,,,6/18/17 0:00
30,2,6,1334415,2,1,4,-239934.7955,-12.928,11045.30105,309.0906,-0.01025,73932.5245,,65686.92,3384.755,,,20.38725,,,,6/18/17 0:00
30,2,7,1194669,2,1,7,-13339.11375,-5.1308,-2086.8197,132.2328,-0.0205,-47387.931,,21472.88,1961.465,,,15.2315,,,,6/18/17 0:00
31,2,8,1274290,1,2,6,41464.089,1.2827,6892.75335,476.1258,-0.041,-124465.8592,0.414,76725.584,16179.735,5.25,8.568,3.9155,,,,6/7/18 0:00
31,2,8,1274289,1,2,6,2261.3505,0.5555,1642.92975,122.1858,-0.01025,-45210.3256,0.414,6608.5344,4758.93,5.25,8.568,0.656,,,,6/7/18 0:00
31,2,8,1532141,2,2,15,-60242.4939,-47.7225,1445.00475,28.4682,0,15085.9568,,6882.6784,763.895,,,9.7375,,,,6/7/18 0:00
31,2,6,1082906,2,1,8,-17007.414,-0.3434,1556.0559,137.0472,0.01025,192620.3103,,47031.9928,1271.765,,,40.0775,,,,6/7/18 0:00
31,2,6,1190267,4,1,8,190909.0965,9.595,-19040.17185,1078.242,0.01025,357754.2466,0.48645,241015.5592,25415.445,10.5,19.38,12.78175,,,,6/7/18 0:00
31,2,6,1220565,2,1,4,-72877.173,-6.1206,1908.606,50.5002,0,23778.6624,,25497.8048,676.115,,,40.74375,,,,6/7/18 0:00
31,2,6,1496081,1,1,4,770177.3783,91.7181,15213.25645,1814.9676,0.164,1555444.859,0.5175,953714.8608,46783.605,,,26.31175,,,,6/7/18 0:00
31,2,7,1017329,2,1,16,-8858.07,-3.6562,-834.4924,25.3062,0,3896.3046,,3817.528,423.225,,,9.7375,,,,6/7/18 0:00
31,1,5,1388016,4,3,3,2168.19705,0.3737,4971.58165,54.3354,0,33201.5865,0.19665,21811.244,390.83,,,51.1475,,,,6/7/18 0:00
32,2,3,1512200,1,2,2,54200.66505,7.171,5816.79245,238.8432,-0.0205,36975.2078,,63983.0152,7095.55,9.975,,9.76825,,,,6/28/18 0:00
32,2,8,1274289,4,2,6,2285.64135,0.5959,1333.5679,117.045,-0.0205,-70239.0063,0.44505,6349.4184,4791.325,4.2,7.14,0.656,,,,6/28/18 0:00
32,2,8,691542,2,2,6,88963.87635,2.6361,20831.20025,805.8918,-0.082,-96327.2068,,127346.6064,26787.53,,,5.17625,,,,6/28/18 0:00
32,2,6,1356351,4,1,4,153572.1405,13.6956,65915.8864,471.1584,0.21525,1301630.92,0.4761,481983.4968,7110.18,75.075,134.64,79.95,,,,6/28/18 0:00
32,2,3,1512203,1,2,12,45852.61245,5.757,6942.4782,158.4162,0.01025,98036.6669,,55781.0136,6190.58,9.975,,9.76825,,,,6/28/18 0:00
32,2,3,1493833,1,2,2,34456.1436,18.4022,6331.4482,162.6288,-0.0205,-50751.4475,0.3312,37594.0344,4172.685,9.975,14.28,9.76825,,,,6/28/18 0:00
32,2,3,1437638,1,2,2,44912.3445,9.5748,10911.047,249.645,-0.01025,97208.207,0.17595,51378.4232,5418.325,10.5,12.24,10.1475,,,,6/28/18 0:00
32,2,8,1274290,4,2,6,77658.0585,2.5654,-8187.7614,809.9616,-0.11275,-300121.3588,0.44505,112006.96,29524.385,4.2,7.14,3.9155,,,,6/28/18 0:00
32,2,7,1194669,1,1,7,28192.27005,11.1504,6306.0935,166.1682,-0.01025,34898.4188,0.5796,31805.0096,2684.605,13.125,28.764,13.161,,,,6/28/18 0:00
32,2,6,1334415,1,1,4,176165.2742,8.4941,-47332.50515,1559.5392,-0.0205,272829.2634,0.58995,316603.0712,23850.035,14.7,33.456,19.229,,,,6/28/18 0:00
32,2,6,1190267,4,1,8,217544.501,9.5445,-30813.3091,1084.8108,-0.0205,294863.7959,0.48645,251710.4824,26502.245,10.5,19.38,13.407,,,,6/28/18 0:00
32,2,3,1512204,1,2,12,10125.64635,5.7469,1692.98955,51.1938,-0.01025,-13809.5602,,12950.8288,1435.83,9.975,,9.76825,,,,6/28/18 0:00
32,2,3,1493832,2,2,12,22838.21295,13.4835,2611.189,74.3376,-0.01025,1426.1277,,25403.976,2818.365,,,9.76825,,,,6/28/18 0:00
32,2,3,1437639,1,2,2,18950.85285,9.4233,5135.05755,97.5834,0,52561.1987,0.17595,21703.6768,2289.595,10.5,12.24,10.19875,,,,6/28/18 0:00
32,2,8,1286004,5,2,6,15098.54715,1.3837,6706.1862,185.1912,-0.0205,-48655.2121,,27007.9056,4382.73,6.825,,6.61125,,,,6/28/18 0:00