id,name,description,timestamp
37,37,37,4/8/18 0:00
4225,4225,4225,4/2/17 0:00
367,367,367,5/14/17 0:00
1138,1138,1138,11/17/16 0:00
182,182,182,2/8/18 0:00
261,261,261,10/12/17 0:00
881,881,881,2/9/17 0:00
6513,6513,6513,1/12/17 0:00
874,874,874,2/22/18 0:00
52,52,52,3/22/18 0:00
76,76,76,11/2/17 0:00
6294,6294,6294,1/29/17 0:00
6194,6194,6194,2/1/16 0:00
38,38,38,1/12/18 0:00
166,166,166,6/7/18 0:00
43,43,43,7/10/16 0:00
570333,570333,570333,4/3/16 0:00
9000,9000,9000,6/30/16 0:00
692,692,692,3/11/18 0:00
64,64,64,1/21/16 0:00
666,666,666,2/21/16 0:00
34,34,34,7/9/17 0:00
646,646,646,6/18/17 0:00
39,39,39,4/24/16 0:00
357,357,357,5/15/16 0:00
639,639,639,3/13/16 0:00
270,270,270,5/10/18 0:00
348,348,348,4/14/16 0:00
144,144,144,5/26/16 0:00
4343,4343,4343,2/19/17 0:00
135,135,135,1/28/18 0:00
210128,210128,210128,5/4/17 0:00
4419,4419,4419,2/11/16 0:00
233,233,233,6/28/18 0:00